IF,capitalbase,CBodega,Cfijos,Ventas,EntrdaExtra,porc,ganancianeta,Disponible
20210511,10000000,0,0,0,0,20,0,0
20120512.0,10000000.0,0.0,0.0,0.0,100000.0,20.0,0.0,10000000.0
20210513.0,10196799.64,0.0,160.0,121199.55,50000.0,20.0,24239.91,10196799.64
20210513.0,10303599.280000001,40000.0,160.0,121199.55,50000.0,20.0,24239.91,10303599.280000001
20210513.0,10410398.92,40000.0,160.0,121199.55,0.0,20.0,24239.91,10410398.92
20210513.0,10467198.56,40000.0,160.0,121199.55,0.0,20.0,24239.91,10467198.56
20210513.0,10523998.200000001,40000.0,160.0,121199.55,0.0,20.0,24239.91,10523998.200000001
20210513.0,10580797.84,40000.0,160.0,121199.55,0.0,20.0,24239.91,10580797.84
